Workbook

Sheet Flatsheet
A1: ✨ WAS DARWIN NUNEZ AS INEFFICIENT AS SAID AT LIVERPOOL - AN ANALYSIS ✨
A2: This project does not analyze or comment based on Darwin's price tag, rather, it sees how often he was on the pitch for Liverpool and how much he contributed during those minutes, compared to his peers. The seasons analysed here are 2022/23, 2023/24 and 2024/25. Hybrid Forwards have been excluded here to keep the comparison exclusive to attacker (Core Forwards).
A5: Season | B5: Player | C5: Department | D5: Position | E5: MP | F5: Starts | G5: Minutes | H5: G | I5: A | J5: G+A | K5: G-PK | L5: PK | M5: PKAtt. | N5: Crd(Y) | O5: Crd(R) | P5: G/90 | Q5: A/90 | R5: G+A/90 | S5: G-PK/90 | T5: Minutes/G+A | U5: Minutes Share | V5: Goals Share | W5: Assists Share
A6: 2022-23 | B6: Mohamed Salah | C6: Attack | D6: FW | E6: 51 | F6: 48 | G6: 4292 | H6: 30 | I6: 16 | J6: =SUM(H6+I6) -> 46 | K6: =H6-L6 -> 26 | L6: 4 | M6: 6 | N6: 2 | O6: 0 | P6: =(Flatsheet!$H6/90) -> 0.33333333 | Q6: =(Flatsheet!$I6/90) -> 0.17777778 | R6: =Table4[[#This Row],[G+A]]/90 -> 0.51111111 | S6: =Flatsheet!$K6/90 -> 0.28888889 | T6: =Flatsheet!$G6/Flatsheet!$J6 -> 93.304348 | U6: =(Flatsheet!$G6/$G$27) -> 0.31677615 | V6: =Flatsheet!$H6/$H$27 -> 0.38461538 | W6: =Flatsheet!$I6/$I$27 -> 0.42105263
A7: 2022-23 | B7: Alex Oxlade-Chamberlain | C7: Attack | D7: FW | E7: 13 | F7: 5 | G7: 525 | H7: 1 | I7: 0 | J7: =SUM(H7+I7) -> 1 | K7: =H7-L7 -> 1 | L7: 0 | M7: 0 | N7: 0 | O7: 0 | P7: =(Flatsheet!$H7/90) -> 0.011111111 | Q7: =(Flatsheet!$I7/90) -> 0 | R7: =Table4[[#This Row],[G+A]]/90 -> 0.011111111 | S7: =Flatsheet!$K7/90 -> 0.011111111 | T7: =Flatsheet!$G7/Flatsheet!$J7 -> 525 | U7: =(Flatsheet!$G7/$G$27) -> 0.038748247 | V7: =Flatsheet!$H7/$H$27 -> 0.012820513 | W7: =Flatsheet!$I7/$I$27 -> 0
A8: 2022-23 | B8: Roberto Firmino | C8: Attack | D8: FW | E8: 35 | F8: 18 | G8: 1743 | H8: 13 | I8: 5 | J8: =SUM(H8+I8) -> 18 | K8: =H8-L8 -> 13 | L8: 0 | M8: 0 | N8: 0 | O8: 0 | P8: =(Flatsheet!$H8/90) -> 0.14444444 | Q8: =(Flatsheet!$I8/90) -> 0.055555556 | R8: =Table4[[#This Row],[G+A]]/90 -> 0.2 | S8: =Flatsheet!$K8/90 -> 0.14444444 | T8: =Flatsheet!$G8/Flatsheet!$J8 -> 96.833333 | U8: =(Flatsheet!$G8/$G$27) -> 0.12864418 | V8: =Flatsheet!$H8/$H$27 -> 0.16666667 | W8: =Flatsheet!$I8/$I$27 -> 0.13157895
A9: 2022-23 | B9: Luis Diaz | C9: Attack | D9: FW | E9: 21 | F9: 15 | G9: 1354 | H9: 5 | I9: 2 | J9: =SUM(H9+I9) -> 7 | K9: =H9-L9 -> 5 | L9: 0 | M9: 0 | N9: 2 | O9: 0 | P9: =(Flatsheet!$H9/90) -> 0.055555556 | Q9: =(Flatsheet!$I9/90) -> 0.022222222 | R9: =Table4[[#This Row],[G+A]]/90 -> 0.077777778 | S9: =Flatsheet!$K9/90 -> 0.055555556 | T9: =Flatsheet!$G9/Flatsheet!$J9 -> 193.42857 | U9: =(Flatsheet!$G9/$G$27) -> 0.099933574 | V9: =Flatsheet!$H9/$H$27 -> 0.064102564 | W9: =Flatsheet!$I9/$I$27 -> 0.052631579
A10: 2022-23 | B10: Diogo Jota | C10: Attack | D10: FW | E10: 28 | F10: 15 | G10: 1394 | H10: 7 | I10: 8 | J10: =SUM(H10+I10) -> 15 | K10: =H10-L10 -> 7 | L10: 0 | M10: 0 | N10: 2 | O10: 0 | P10: =(Flatsheet!$H10/90) -> 0.077777778 | Q10: =(Flatsheet!$I10/90) -> 0.088888889 | R10: =Table4[[#This Row],[G+A]]/90 -> 0.16666667 | S10: =Flatsheet!$K10/90 -> 0.077777778 | T10: =Flatsheet!$G10/Flatsheet!$J10 -> 92.933333 | U10: =(Flatsheet!$G10/$G$27) -> 0.10288582 | V10: =Flatsheet!$H10/$H$27 -> 0.08974359 | W10: =Flatsheet!$I10/$I$27 -> 0.21052632
A11: 2022-23 | B11: Darwin Nunez | C11: Attack | D11: FW | E11: 42 | F11: 26 | G11: 2393 | H11: 15 | I11: 5 | J11: =SUM(H11+I11) -> 20 | K11: =H11-L11 -> 15 | L11: 0 | M11: 0 | N11: 3 | O11: 1 | P11: =(Flatsheet!$H11/90) -> 0.16666667 | Q11: =(Flatsheet!$I11/90) -> 0.055555556 | R11: =Table4[[#This Row],[G+A]]/90 -> 0.22222222 | S11: =Flatsheet!$K11/90 -> 0.16666667 | T11: =Flatsheet!$G11/Flatsheet!$J11 -> 119.65 | U11: =(Flatsheet!$G11/$G$27) -> 0.1766182 | V11: =Flatsheet!$H11/$H$27 -> 0.19230769 | W11: =Flatsheet!$I11/$I$27 -> 0.13157895
A12: 2022-23 | B12: Cody Gakpo | C12: Attack | D12: FW | E12: 26 | F12: 22 | G12: 1848 | H12: 7 | I12: 2 | J12: =SUM(H12+I12) -> 9 | K12: =H12-L12 -> 7 | L12: 0 | M12: 0 | N12: 0 | O12: 0 | P12: =(Flatsheet!$H12/90) -> 0.077777778 | Q12: =(Flatsheet!$I12/90) -> 0.022222222 | R12: =Table4[[#This Row],[G+A]]/90 -> 0.1 | S12: =Flatsheet!$K12/90 -> 0.077777778 | T12: =Flatsheet!$G12/Flatsheet!$J12 -> 205.33333 | U12: =(Flatsheet!$G12/$G$27) -> 0.13639383 | V12: =Flatsheet!$H12/$H$27 -> 0.08974359 | W12: =Flatsheet!$I12/$I$27 -> 0.052631579
A13: 2023-24 | B13: Luis Diaz | C13: Attack | D13: FW | E13: 51 | F13: 42 | G13: 3596 | H13: 13 | I13: 5 | J13: =SUM(H13+I13) -> 18 | K13: =H13-L13 -> 13 | L13: 0 | M13: 0 | N13: 3 | O13: 0 | P13: =(Flatsheet!$H13/90) -> 0.14444444 | Q13: =(Flatsheet!$I13/90) -> 0.055555556 | R13: =Table4[[#This Row],[G+A]]/90 -> 0.2 | S13: =Flatsheet!$K13/90 -> 0.14444444 | T13: =Flatsheet!$G13/Flatsheet!$J13 -> 199.77778 | U13: =Flatsheet!$G13/$G$28 -> 0.24684239 | V13: =Flatsheet!$H13/$H$28 -> 0.14606742 | W13: =Flatsheet!$I13/$I$28 -> 0.11904762
A14: 2023-24 | B14: Cody Gakpo | C14: Attack | D14: FW, MF | E14: 53 | F14: 32 | G14: 3017 | H14: 16 | I14: 6 | J14: =SUM(H14+I14) -> 22 | K14: =H14-L14 -> 16 | L14: 0 | M14: 0 | N14: 2 | O14: 0 | P14: =(Flatsheet!$H14/90) -> 0.17777778 | Q14: =(Flatsheet!$I14/90) -> 0.066666667 | R14: =Table4[[#This Row],[G+A]]/90 -> 0.24444444 | S14: =Flatsheet!$K14/90 -> 0.17777778 | T14: =Flatsheet!$G14/Flatsheet!$J14 -> 137.13636 | U14: =Flatsheet!$G14/$G$28 -> 0.20709775 | V14: =Flatsheet!$H14/$H$28 -> 0.17977528 | W14: =Flatsheet!$I14/$I$28 -> 0.14285714
A15: 2023-24 | B15: Jayden Danns | C15: Attack | D15: FW | E15: 5 | F15: 0 | G15: 83 | H15: 2 | I15: 0 | J15: =SUM(H15+I15) -> 2 | K15: =H15-L15 -> 2 | L15: 0 | M15: 0 | N15: 1 | O15: 0 | P15: =(Flatsheet!$H15/90) -> 0.022222222 | Q15: =(Flatsheet!$I15/90) -> 0 | R15: =Table4[[#This Row],[G+A]]/90 -> 0.022222222 | S15: =Flatsheet!$K15/90 -> 0.022222222 | T15: =Flatsheet!$G15/Flatsheet!$J15 -> 41.5 | U15: =Flatsheet!$G15/$G$28 -> 0.005697419 | V15: =Flatsheet!$H15/$H$28 -> 0.02247191 | W15: =Flatsheet!$I15/$I$28 -> 0
A16: 2023-24 | B16: Diogo Jota | C16: Attack | D16: FW | E16: 32 | F16: 19 | G16: 1711 | H16: 15 | I16: 4 | J16: =SUM(H16+I16) -> 19 | K16: =H16-L16 -> 15 | L16: 0 | M16: 0 | N16: 3 | O16: 1 | P16: =(Flatsheet!$H16/90) -> 0.16666667 | Q16: =(Flatsheet!$I16/90) -> 0.044444444 | R16: =Table4[[#This Row],[G+A]]/90 -> 0.21111111 | S16: =Flatsheet!$K16/90 -> 0.16666667 | T16: =Flatsheet!$G16/Flatsheet!$J16 -> 90.052632 | U16: =Flatsheet!$G16/$G$28 -> 0.1174492 | V16: =Flatsheet!$H16/$H$28 -> 0.16853933 | W16: =Flatsheet!$I16/$I$28 -> 0.095238095
A17: 2023-24 | B17: Darwin Nunez | C17: Attack | D17: FW | E17: 54 | F17: 33 | G17: 3030 | H17: 18 | I17: 13 | J17: =SUM(H17+I17) -> 31 | K17: =H17-L17 -> 17 | L17: 1 | M17: 2 | N17: 11 | O17: 0 | P17: =(Flatsheet!$H17/90) -> 0.2 | Q17: =(Flatsheet!$I17/90) -> 0.14444444 | R17: =Table4[[#This Row],[G+A]]/90 -> 0.34444444 | S17: =Flatsheet!$K17/90 -> 0.18888889 | T17: =Flatsheet!$G17/Flatsheet!$J17 -> 97.741935 | U17: =Flatsheet!$G17/$G$28 -> 0.20799012 | V17: =Flatsheet!$H17/$H$28 -> 0.20224719 | W17: =Flatsheet!$I17/$I$28 -> 0.30952381
A18: 2023-24 | B18: Mohamed Salah | C18: Attack | D18: FW | E18: 44 | F18: 34 | G18: 3131 | H18: 25 | I18: 14 | J18: =SUM(H18+I18) -> 39 | K18: =H18-L18 -> 19 | L18: 6 | M18: 8 | N18: 2 | O18: 0 | P18: =(Flatsheet!$H18/90) -> 0.27777778 | Q18: =(Flatsheet!$I18/90) -> 0.15555556 | R18: =Table4[[#This Row],[G+A]]/90 -> 0.43333333 | S18: =Flatsheet!$K18/90 -> 0.21111111 | T18: =Flatsheet!$G18/Flatsheet!$J18 -> 80.282051 | U18: =Flatsheet!$G18/$G$28 -> 0.21492312 | V18: =Flatsheet!$H18/$H$28 -> 0.28089888 | W18: =Flatsheet!$I18/$I$28 -> 0.33333333
A19: 2024-25 | B19: Mohamed Salah | C19: Attack | D19: FW | E19: 52 | F19: 50 | G19: 4490 | H19: 34 | I19: 23 | J19: =SUM(H19+I19) -> 57 | K19: =H19-L19 -> 23 | L19: 11 | M19: 12 | N19: 1 | O19: 0 | P19: =(Flatsheet!$H19/90) -> 0.37777778 | Q19: =(Flatsheet!$I19/90) -> 0.25555556 | R19: =Table4[[#This Row],[G+A]]/90 -> 0.63333333 | S19: =Flatsheet!$K19/90 -> 0.25555556 | T19: =Flatsheet!$G19/Flatsheet!$J19 -> 78.77193 | U19: =Flatsheet!$G19/$G$29 -> 0.29975299 | V19: =Flatsheet!$H19/$H$29 -> 0.38636364 | W19: =Flatsheet!$I19/$I$29 -> 0.53488372
A20: 2024-25 | B20: Federico Chiesa | C20: Attack | D20: FW | E20: 14 | F20: 4 | G20: 470 | H20: 2 | I20: 1 | J20: =SUM(H20+I20) -> 3 | K20: =H20-L20 -> 2 | L20: 0 | M20: 0 | N20: 1 | O20: 0 | P20: =(Flatsheet!$H20/90) -> 0.022222222 | Q20: =(Flatsheet!$I20/90) -> 0.011111111 | R20: =Table4[[#This Row],[G+A]]/90 -> 0.033333333 | S20: =Flatsheet!$K20/90 -> 0.022222222 | T20: =Flatsheet!$G20/Flatsheet!$J20 -> 156.66667 | U20: =Flatsheet!$G20/$G$29 -> 0.031377261 | V20: =Flatsheet!$H20/$H$29 -> 0.022727273 | W20: =Flatsheet!$I20/$I$29 -> 0.023255814
A21: 2024-25 | B21: Luis Diaz | C21: Attack | D21: FW | E21: 50 | F21: 38 | G21: 3323 | H21: 17 | I21: 5 | J21: =SUM(H21+I21) -> 22 | K21: =H21-L21 -> 17 | L21: 0 | M21: 0 | N21: 3 | O21: 0 | P21: =(Flatsheet!$H21/90) -> 0.18888889 | Q21: =(Flatsheet!$I21/90) -> 0.055555556 | R21: =Table4[[#This Row],[G+A]]/90 -> 0.24444444 | S21: =Flatsheet!$K21/90 -> 0.18888889 | T21: =Flatsheet!$G21/Flatsheet!$J21 -> 151.04545 | U21: =Flatsheet!$G21/$G$29 -> 0.22184391 | V21: =Flatsheet!$H21/$H$29 -> 0.19318182 | W21: =Flatsheet!$I21/$I$29 -> 0.11627907
A22: 2024-25 | B22: Cody Gakpo | C22: Attack | D22: FW | E22: 49 | F22: 32 | G22: 2690 | H22: 18 | I22: 6 | J22: =SUM(H22+I22) -> 24 | K22: =H22-L22 -> 17 | L22: 1 | M22: 1 | N22: 5 | O22: 0 | P22: =(Flatsheet!$H22/90) -> 0.2 | Q22: =(Flatsheet!$I22/90) -> 0.066666667 | R22: =Table4[[#This Row],[G+A]]/90 -> 0.26666667 | S22: =Flatsheet!$K22/90 -> 0.18888889 | T22: =Flatsheet!$G22/Flatsheet!$J22 -> 112.08333 | U22: =Flatsheet!$G22/$G$29 -> 0.17958475 | V22: =Flatsheet!$H22/$H$29 -> 0.20454545 | W22: =Flatsheet!$I22/$I$29 -> 0.13953488
A23: 2024-25 | B23: Diogo Jota | C23: Attack | D23: FW | E23: 37 | F23: 22 | G23: 1831 | H23: 9 | I23: 3 | J23: =SUM(H23+I23) -> 12 | K23: =H23-L23 -> 9 | L23: 0 | M23: 0 | N23: 2 | O23: 0 | P23: =(Flatsheet!$H23/90) -> 0.1 | Q23: =(Flatsheet!$I23/90) -> 0.033333333 | R23: =Table4[[#This Row],[G+A]]/90 -> 0.13333333 | S23: =Flatsheet!$K23/90 -> 0.1 | T23: =Flatsheet!$G23/Flatsheet!$J23 -> 152.58333 | U23: =Flatsheet!$G23/$G$29 -> 0.1222378 | V23: =Flatsheet!$H23/$H$29 -> 0.10227273 | W23: =Flatsheet!$I23/$I$29 -> 0.069767442
A24: 2024-25 | B24: Darwin Nunez | C24: Attack | D24: FW | E24: 47 | F24: 17 | G24: 2058 | H24: 7 | I24: 5 | J24: =SUM(H24+I24) -> 12 | K24: =H24-L24 -> 7 | L24: 0 | M24: 0 | N24: 9 | O24: 0 | P24: =(Flatsheet!$H24/90) -> 0.077777778 | Q24: =(Flatsheet!$I24/90) -> 0.055555556 | R24: =Table4[[#This Row],[G+A]]/90 -> 0.13333333 | S24: =Flatsheet!$K24/90 -> 0.077777778 | T24: =Flatsheet!$G24/Flatsheet!$J24 -> 171.5 | U24: =Flatsheet!$G24/$G$29 -> 0.13739235 | V24: =Flatsheet!$H24/$H$29 -> 0.079545455 | W24: =Flatsheet!$I24/$I$29 -> 0.11627907
A25: 2024-25 | B25: Jayden Danns | C25: Attack | D25: FW | E25: 4 | F25: 1 | G25: 117 | H25: 1 | I25: 0 | J25: =SUM(H25+I25) -> 1 | K25: =H25-L25 -> 1 | L25: 0 | M25: 0 | N25: 0 | O25: 0 | P25: =(Flatsheet!$H25/90) -> 0.011111111 | Q25: =(Flatsheet!$I25/90) -> 0 | R25: =Table4[[#This Row],[G+A]]/90 -> 0.011111111 | S25: =Flatsheet!$K25/90 -> 0.011111111 | T25: =Flatsheet!$G25/Flatsheet!$J25 -> 117 | U25: =Flatsheet!$G25/$G$29 -> 0.0078109353 | V25: =Flatsheet!$H25/$H$29 -> 0.011363636 | W25: =Flatsheet!$I25/$I$29 -> 0
A27: 2022-23 | B27: Total | G27: =SUM(G6:G12) -> 13549 | H27: =SUM(H6:H12) -> 78 | I27: =SUM(I6:I12) -> 38 | J27: =SUM(J6:J12) -> 116 | K27: =SUM(K6:K12) -> 74 | L27: =SUM(L6:L12) -> 4 | M27: =SUM(M6:M12) -> 6 | N27: =SUM(N6:N12) -> 9 | O27: =SUM(O6:O12) -> 1
A28: 2023-24 | B28: Total | G28: =SUM(G13:G18) -> 14568 | H28: =SUM(H13:H18) -> 89 | I28: =SUM(I13:I18) -> 42 | J28: =SUM(J13:J18) -> 131 | K28: =SUM(K13:K18) -> 82 | L28: =SUM(L13:L18) -> 7 | M28: =SUM(M13:M18) -> 10 | N28: =SUM(N13:N18) -> 22 | O28: =SUM(O13:O18) -> 1
A29: 2024-25 | B29: Total | G29: =SUM(G19:G25) -> 14979 | H29: =SUM(H19:H25) -> 88 | I29: =SUM(I19:I25) -> 43 | J29: =SUM(J19:J25) -> 131 | K29: =SUM(K19:K25) -> 76 | L29: =SUM(L19:L25) -> 12 | M29: =SUM(M19:M25) -> 13 | N29: =SUM(N19:N25) -> 21 | O29: =SUM(O19:O25) -> 0

Sheet Pivot
B3: Column Labels
B4: 2022-23 | F4: 2023-24 | J4: 2024-25 | N4: Total Sum of Minutes | O4: Total Sum of G+A | P4: Total Sum of G-PK | Q4: Total Average of G+A/90
A5: Row Labels | B5: Sum of Minutes | C5: Sum of G+A | D5: Sum of G-PK | E5: Average of G+A/90 | F5: Sum of Minutes | G5: Sum of G+A | H5: Sum of G-PK | I5: Average of G+A/90 | J5: Sum of Minutes | K5: Sum of G+A | L5: Sum of G-PK | M5: Average of G+A/90
A6: Federico Chiesa | J6: 470 | K6: 3 | L6: 2 | M6: 0.033333333 | N6: 470 | O6: 3 | P6: 2 | Q6: 0.033333333
A7: Jayden Danns | F7: 83 | G7: 2 | H7: 2 | I7: 0.022222222 | J7: 117 | K7: 1 | L7: 1 | M7: 0.011111111 | N7: 200 | O7: 3 | P7: 3 | Q7: 0.016666667
A8: Alex Oxlade-Chamberlain | B8: 525 | C8: 1 | D8: 1 | E8: 0.011111111 | N8: 525 | O8: 1 | P8: 1 | Q8: 0.011111111
A9: Luis Diaz | B9: 1354 | C9: 7 | D9: 5 | E9: 0.077777778 | F9: 3596 | G9: 18 | H9: 13 | I9: 0.2 | J9: 3323 | K9: 22 | L9: 17 | M9: 0.24444444 | N9: 8273 | O9: 47 | P9: 35 | Q9: 0.17407407
A10: Diogo Jota | B10: 1394 | C10: 15 | D10: 7 | E10: 0.16666667 | F10: 1711 | G10: 19 | H10: 15 | I10: 0.21111111 | J10: 1831 | K10: 12 | L10: 9 | M10: 0.13333333 | N10: 4936 | O10: 46 | P10: 31 | Q10: 0.17037037
A11: Roberto Firmino | B11: 1743 | C11: 18 | D11: 13 | E11: 0.2 | N11: 1743 | O11: 18 | P11: 13 | Q11: 0.2
A12: Cody Gakpo | B12: 1848 | C12: 9 | D12: 7 | E12: 0.1 | F12: 3017 | G12: 22 | H12: 16 | I12: 0.24444444 | J12: 2690 | K12: 24 | L12: 17 | M12: 0.26666667 | N12: 7555 | O12: 55 | P12: 40 | Q12: 0.2037037
A13: Darwin Nunez | B13: 2393 | C13: 20 | D13: 15 | E13: 0.22222222 | F13: 3030 | G13: 31 | H13: 17 | I13: 0.34444444 | J13: 2058 | K13: 12 | L13: 7 | M13: 0.13333333 | N13: 7481 | O13: 63 | P13: 39 | Q13: 0.23333333
A14: Mohamed Salah | B14: 4292 | C14: 46 | D14: 26 | E14: 0.51111111 | F14: 3131 | G14: 39 | H14: 19 | I14: 0.43333333 | J14: 4490 | K14: 57 | L14: 23 | M14: 0.63333333 | N14: 11913 | O14: 142 | P14: 68 | Q14: 0.52592593
A15: Grand Total | B15: 13549 | C15: 116 | D15: 74 | E15: 0.18412698 | F15: 14568 | G15: 131 | H15: 82 | I15: 0.24259259 | J15: 14979 | K15: 131 | L15: 76 | M15: 0.20793651 | N15: 43096 | O15: 378 | P15: 232 | Q15: 0.21
A17: The above analysis compares Sum of Minutes, Sum of G+A, Sum of G-PK, and average of G+A/90 of Liverpool attackers across seasons 2022-23, 2023-24 and 2024-25. The highlighted red cells show players performing above the category average per season. According to this filter, Darwin Nunez has been a well used player in 2022-23 and 2023-24, and trusted by the manager. However, his minutes drop in 2024-25, showing that he used as a rotational player rather than a starter. In the seasons where he has been given above average minutes, Darwin has provided above average G+A numbers too (and Above Average G+A/90). Hence it will be very unfair to say that Darwin didn't contribute when he was on the pitch. Yes, he sometimes missed very easy chances, and sometimes ended up scoring very difficult ones, but numbers prove he wasn't as inefficient as framed. The pivot table below also backs this up, as during 2022-23 & 2023-24, Darwin had above average shares in minutes, goals and assists (except assists in 2022-23).
B25: Column Labels
B26: 2022-23 | E26: 2023-24 | H26: 2024-25 | K26: Total Sum of Minutes Share | L26: Total Sum of Goals Share | M26: Total Sum of Assists Share
A27: Row Labels | B27: Sum of Minutes Share | C27: Sum of Goals Share | D27: Sum of Assists Share | E27: Sum of Minutes Share | F27: Sum of Goals Share | G27: Sum of Assists Share | H27: Sum of Minutes Share | I27: Sum of Goals Share | J27: Sum of Assists Share
A28: Federico Chiesa | H28: 0.031377261 | I28: 0.022727273 | J28: 0.023255814 | K28: 0.031377261 | L28: 0.022727273 | M28: 0.023255814
A29: Jayden Danns | E29: 0.005697419 | F29: 0.02247191 | G29: 0 | H29: 0.0078109353 | I29: 0.011363636 | J29: 0 | K29: 0.013508354 | L29: 0.033835546 | M29: 0
A30: Alex Oxlade-Chamberlain | B30: 0.038748247 | C30: 0.012820513 | D30: 0 | K30: 0.038748247 | L30: 0.012820513 | M30: 0
A31: Luis Diaz | B31: 0.099933574 | C31: 0.064102564 | D31: 0.052631579 | E31: 0.24684239 | F31: 0.14606742 | G31: 0.11904762 | H31: 0.22184391 | I31: 0.19318182 | J31: 0.11627907 | K31: 0.56861988 | L31: 0.4033518 | M31: 0.28795827
A32: Diogo Jota | B32: 0.10288582 | C32: 0.08974359 | D32: 0.21052632 | E32: 0.1174492 | F32: 0.16853933 | G32: 0.095238095 | H32: 0.1222378 | I32: 0.10227273 | J32: 0.069767442 | K32: 0.34257283 | L32: 0.36055564 | M32: 0.37553185
A33: Roberto Firmino | B33: 0.12864418 | C33: 0.16666667 | D33: 0.13157895 | K33: 0.12864418 | L33: 0.16666667 | M33: 0.13157895
A34: Cody Gakpo | B34: 0.13639383 | C34: 0.08974359 | D34: 0.052631579 | E34: 0.20709775 | F34: 0.17977528 | G34: 0.14285714 | H34: 0.17958475 | I34: 0.20454545 | J34: 0.13953488 | K34: 0.52307633 | L34: 0.47406433 | M34: 0.33502361
A35: Darwin Nunez | B35: 0.1766182 | C35: 0.19230769 | D35: 0.13157895 | E35: 0.20799012 | F35: 0.20224719 | G35: 0.30952381 | H35: 0.13739235 | I35: 0.079545455 | J35: 0.11627907 | K35: 0.52200067 | L35: 0.47410034 | M35: 0.55738183
A36: Mohamed Salah | B36: 0.31677615 | C36: 0.38461538 | D36: 0.42105263 | E36: 0.21492312 | F36: 0.28089888 | G36: 0.33333333 | H36: 0.29975299 | I36: 0.38636364 | J36: 0.53488372 | K36: 0.83145225 | L36: 1.0518779 | M36: 1.2892697
A37: Grand Total | B37: 1 | C37: 1 | D37: 1 | E37: 1 | F37: 1 | G37: 1 | H37: 1 | I37: 1 | J37: 1 | K37: 3 | L37: 3 | M37: 3
